,cid,y
0,http://rdf.ncbi.nlm.nih.gov/pubchem/compound/CID5758,2.33
1,http://rdf.ncbi.nlm.nih.gov/pubchem/compound/CID5764,2.59
2,http://rdf.ncbi.nlm.nih.gov/pubchem/compound/CID5765,2.59
3,http://rdf.ncbi.nlm.nih.gov/pubchem/compound/CID5784,2.54
4,http://rdf.ncbi.nlm.nih.gov/pubchem/compound/CID1493,4.06
5,http://rdf.ncbi.nlm.nih.gov/pubchem/compound/CID5811,3.27
6,http://rdf.ncbi.nlm.nih.gov/pubchem/compound/CID5817,3.31
7,http://rdf.ncbi.nlm.nih.gov/pubchem/compound/CID2331,2.09
8,http://rdf.ncbi.nlm.nih.gov/pubchem/compound/CID5943,2.98
9,http://rdf.ncbi.nlm.nih.gov/pubchem/compound/CID5971,5.061
10,http://rdf.ncbi.nlm.nih.gov/pubchem/compound/CID1030,0.49
11,http://rdf.ncbi.nlm.nih.gov/pubchem/compound/CID2365,2.875
12,http://rdf.ncbi.nlm.nih.gov/pubchem/compound/CID4055,4.54
13,http://rdf.ncbi.nlm.nih.gov/pubchem/compound/CID1732,3.8
14,http://rdf.ncbi.nlm.nih.gov/pubchem/compound/CID6054,2.41
15,http://rdf.ncbi.nlm.nih.gov/pubchem/compound/CID178,0.678
16,http://rdf.ncbi.nlm.nih.gov/pubchem/compound/CID6115,2.77
17,http://rdf.ncbi.nlm.nih.gov/pubchem/compound/CID2723790,1.68
18,http://rdf.ncbi.nlm.nih.gov/pubchem/compound/CID702,1.009
19,http://rdf.ncbi.nlm.nih.gov/pubchem/compound/CID6163,2.302
20,http://rdf.ncbi.nlm.nih.gov/pubchem/compound/CID5147,2.76
21,http://rdf.ncbi.nlm.nih.gov/pubchem/compound/CID6195,3.423
22,http://rdf.ncbi.nlm.nih.gov/pubchem/compound/CID66139,4.26
23,http://rdf.ncbi.nlm.nih.gov/pubchem/compound/CID887,0.334
24,http://rdf.ncbi.nlm.nih.gov/pubchem/compound/CID3776,1.118
25,http://rdf.ncbi.nlm.nih.gov/pubchem/compound/CID180,0.796
26,http://rdf.ncbi.nlm.nih.gov/pubchem/compound/CID679,0.548
27,http://rdf.ncbi.nlm.nih.gov/pubchem/compound/CID6213,0.8
28,http://rdf.ncbi.nlm.nih.gov/pubchem/compound/CID338,2.49
29,http://rdf.ncbi.nlm.nih.gov/pubchem/compound/CID6259,5.824
30,http://rdf.ncbi.nlm.nih.gov/pubchem/compound/CID6264,4.71
31,http://rdf.ncbi.nlm.nih.gov/pubchem/compound/CID6271,3.12
32,http://rdf.ncbi.nlm.nih.gov/pubchem/compound/CID1031,1.254
33,http://rdf.ncbi.nlm.nih.gov/pubchem/compound/CID6276,1.97
34,http://rdf.ncbi.nlm.nih.gov/pubchem/compound/CID241,2.88
35,http://rdf.ncbi.nlm.nih.gov/pubchem/compound/CID6318,3.11
36,http://rdf.ncbi.nlm.nih.gov/pubchem/compound/CID6342,0.723
37,http://rdf.ncbi.nlm.nih.gov/pubchem/compound/CID6363,2.137
38,http://rdf.ncbi.nlm.nih.gov/pubchem/compound/CID6385,2.103
39,http://rdf.ncbi.nlm.nih.gov/pubchem/compound/CID6386,1.209
40,http://rdf.ncbi.nlm.nih.gov/pubchem/compound/CID6400,3.113
41,http://rdf.ncbi.nlm.nih.gov/pubchem/compound/CID6404,2.13
42,http://rdf.ncbi.nlm.nih.gov/pubchem/compound/CID6405,1.827
43,http://rdf.ncbi.nlm.nih.gov/pubchem/compound/CID6416,1.558
44,http://rdf.ncbi.nlm.nih.gov/pubchem/compound/CID6417,2.746
45,http://rdf.ncbi.nlm.nih.gov/pubchem/compound/CID6494,1.677
46,http://rdf.ncbi.nlm.nih.gov/pubchem/compound/CID6496,4.41
47,http://rdf.ncbi.nlm.nih.gov/pubchem/compound/CID6558,2.738
48,http://rdf.ncbi.nlm.nih.gov/pubchem/compound/CID6559,1.381
49,http://rdf.ncbi.nlm.nih.gov/pubchem/compound/CID6561,2.567
50,http://rdf.ncbi.nlm.nih.gov/pubchem/compound/CID6562,3.67
51,http://rdf.ncbi.nlm.nih.gov/pubchem/compound/CID6569,1.254
52,http://rdf.ncbi.nlm.nih.gov/pubchem/compound/CID6578,0.91
53,http://rdf.ncbi.nlm.nih.gov/pubchem/compound/CID6579,2.193
54,http://rdf.ncbi.nlm.nih.gov/pubchem/compound/CID6580,3.036
55,http://rdf.ncbi.nlm.nih.gov/pubchem/compound/CID1032,2.488
56,http://rdf.ncbi.nlm.nih.gov/pubchem/compound/CID6582,1.02
57,http://rdf.ncbi.nlm.nih.gov/pubchem/compound/CID6584,1.405
58,http://rdf.ncbi.nlm.nih.gov/pubchem/compound/CID6590,2.667
59,http://rdf.ncbi.nlm.nih.gov/pubchem/compound/CID6643,4.23
60,http://rdf.ncbi.nlm.nih.gov/pubchem/compound/CID6658,1.78
61,http://rdf.ncbi.nlm.nih.gov/pubchem/compound/CID6672,3.3
62,http://rdf.ncbi.nlm.nih.gov/pubchem/compound/CID6736,3.37
63,http://rdf.ncbi.nlm.nih.gov/pubchem/compound/CID6740,3.68
64,http://rdf.ncbi.nlm.nih.gov/pubchem/compound/CID6781,3.23
65,http://rdf.ncbi.nlm.nih.gov/pubchem/compound/CID6782,4.44
66,http://rdf.ncbi.nlm.nih.gov/pubchem/compound/CID6829,4.3
67,http://rdf.ncbi.nlm.nih.gov/pubchem/compound/CID6846,3.69
68,http://rdf.ncbi.nlm.nih.gov/pubchem/compound/CID6849,4.0
69,http://rdf.ncbi.nlm.nih.gov/pubchem/compound/CID6854,3.91
70,http://rdf.ncbi.nlm.nih.gov/pubchem/compound/CID6880,2.92
71,http://rdf.ncbi.nlm.nih.gov/pubchem/compound/CID6893,2.57
72,http://rdf.ncbi.nlm.nih.gov/pubchem/compound/CID6896,2.57
73,http://rdf.ncbi.nlm.nih.gov/pubchem/compound/CID6899,3.73
74,http://rdf.ncbi.nlm.nih.gov/pubchem/compound/CID1057,3.85
75,http://rdf.ncbi.nlm.nih.gov/pubchem/compound/CID992,5.07
76,http://rdf.ncbi.nlm.nih.gov/pubchem/compound/CID66603,5.11
77,http://rdf.ncbi.nlm.nih.gov/pubchem/compound/CID6913,2.95
78,http://rdf.ncbi.nlm.nih.gov/pubchem/compound/CID6914,4.41
79,http://rdf.ncbi.nlm.nih.gov/pubchem/compound/CID6920,2.41
80,http://rdf.ncbi.nlm.nih.gov/pubchem/compound/CID6923,4.29
81,http://rdf.ncbi.nlm.nih.gov/pubchem/compound/CID6940,2.53
82,http://rdf.ncbi.nlm.nih.gov/pubchem/compound/CID6942,2.13
83,http://rdf.ncbi.nlm.nih.gov/pubchem/compound/CID6945,3.68
84,http://rdf.ncbi.nlm.nih.gov/pubchem/compound/CID6947,3.67
85,http://rdf.ncbi.nlm.nih.gov/pubchem/compound/CID6977,4.13
86,http://rdf.ncbi.nlm.nih.gov/pubchem/compound/CID6978,3.37
87,http://rdf.ncbi.nlm.nih.gov/pubchem/compound/CID6980,5.12
88,http://rdf.ncbi.nlm.nih.gov/pubchem/compound/CID6982,4.85
89,http://rdf.ncbi.nlm.nih.gov/pubchem/compound/CID66644,3.38
90,http://rdf.ncbi.nlm.nih.gov/pubchem/compound/CID6990,3.25
91,http://rdf.ncbi.nlm.nih.gov/pubchem/compound/CID6994,2.57
92,http://rdf.ncbi.nlm.nih.gov/pubchem/compound/CID6997,3.16
93,http://rdf.ncbi.nlm.nih.gov/pubchem/compound/CID5146,2.05
94,http://rdf.ncbi.nlm.nih.gov/pubchem/compound/CID6998,3.42
95,http://rdf.ncbi.nlm.nih.gov/pubchem/compound/CID7002,3.74
96,http://rdf.ncbi.nlm.nih.gov/pubchem/compound/CID7003,3.81
97,http://rdf.ncbi.nlm.nih.gov/pubchem/compound/CID7005,3.75
98,http://rdf.ncbi.nlm.nih.gov/pubchem/compound/CID7024,4.65
99,http://rdf.ncbi.nlm.nih.gov/pubchem/compound/CID7026,2.48
100,http://rdf.ncbi.nlm.nih.gov/pubchem/compound/CID7037,3.5
101,http://rdf.ncbi.nlm.nih.gov/pubchem/compound/CID7042,2.66
102,http://rdf.ncbi.nlm.nih.gov/pubchem/compound/CID931,2.88
103,http://rdf.ncbi.nlm.nih.gov/pubchem/compound/CID7047,3.09
104,http://rdf.ncbi.nlm.nih.gov/pubchem/compound/CID7055,4.08
105,http://rdf.ncbi.nlm.nih.gov/pubchem/compound/CID7060,3.47
106,http://rdf.ncbi.nlm.nih.gov/pubchem/compound/CID7061,3.66
107,http://rdf.ncbi.nlm.nih.gov/pubchem/compound/CID7095,4.05
108,http://rdf.ncbi.nlm.nih.gov/pubchem/compound/CID7103,4.39
109,http://rdf.ncbi.nlm.nih.gov/pubchem/compound/CID4757,4.4
110,http://rdf.ncbi.nlm.nih.gov/pubchem/compound/CID7147,2.57
111,http://rdf.ncbi.nlm.nih.gov/pubchem/compound/CID7148,2.93
112,http://rdf.ncbi.nlm.nih.gov/pubchem/compound/CID7150,3.23
113,http://rdf.ncbi.nlm.nih.gov/pubchem/compound/CID7165,2.99
114,http://rdf.ncbi.nlm.nih.gov/pubchem/compound/CID7166,3.57
115,http://rdf.ncbi.nlm.nih.gov/pubchem/compound/CID7169,4.35
116,http://rdf.ncbi.nlm.nih.gov/pubchem/compound/CID62343,4.046
117,http://rdf.ncbi.nlm.nih.gov/pubchem/compound/CID66743,3.68
118,http://rdf.ncbi.nlm.nih.gov/pubchem/compound/CID2337,3.7
119,http://rdf.ncbi.nlm.nih.gov/pubchem/compound/CID7180,4.55
120,http://rdf.ncbi.nlm.nih.gov/pubchem/compound/CID7184,4.33
121,http://rdf.ncbi.nlm.nih.gov/pubchem/compound/CID60979,3.77
122,http://rdf.ncbi.nlm.nih.gov/pubchem/compound/CID135408751,3.25
123,http://rdf.ncbi.nlm.nih.gov/pubchem/compound/CID7213,3.515
124,http://rdf.ncbi.nlm.nih.gov/pubchem/compound/CID7222,2.97
125,http://rdf.ncbi.nlm.nih.gov/pubchem/compound/CID335,2.71
126,http://rdf.ncbi.nlm.nih.gov/pubchem/compound/CID7239,3.53
127,http://rdf.ncbi.nlm.nih.gov/pubchem/compound/CID7240,2.83
128,http://rdf.ncbi.nlm.nih.gov/pubchem/compound/CID7242,2.84
129,http://rdf.ncbi.nlm.nih.gov/pubchem/compound/CID7244,3.33
130,http://rdf.ncbi.nlm.nih.gov/pubchem/compound/CID7247,3.78
131,http://rdf.ncbi.nlm.nih.gov/pubchem/compound/CID7248,2.84
132,http://rdf.ncbi.nlm.nih.gov/pubchem/compound/CID7249,3.12
133,http://rdf.ncbi.nlm.nih.gov/pubchem/compound/CID7253,4.86
134,http://rdf.ncbi.nlm.nih.gov/pubchem/compound/CID7255,3.39
135,http://rdf.ncbi.nlm.nih.gov/pubchem/compound/CID7257,4.37
136,http://rdf.ncbi.nlm.nih.gov/pubchem/compound/CID7258,4.75
137,http://rdf.ncbi.nlm.nih.gov/pubchem/compound/CID7259,2.67
138,http://rdf.ncbi.nlm.nih.gov/pubchem/compound/CID7260,3.5
139,http://rdf.ncbi.nlm.nih.gov/pubchem/compound/CID7261,2.34
140,http://rdf.ncbi.nlm.nih.gov/pubchem/compound/CID7262,3.58
141,http://rdf.ncbi.nlm.nih.gov/pubchem/compound/CID7265,3.78
142,http://rdf.ncbi.nlm.nih.gov/pubchem/compound/CID7266,3.13
143,http://rdf.ncbi.nlm.nih.gov/pubchem/compound/CID7267,3.14
144,http://rdf.ncbi.nlm.nih.gov/pubchem/compound/CID1731,3.13
145,http://rdf.ncbi.nlm.nih.gov/pubchem/compound/CID7270,5.0
146,http://rdf.ncbi.nlm.nih.gov/pubchem/compound/CID7271,5.1
147,http://rdf.ncbi.nlm.nih.gov/pubchem/compound/CID60983,3.04
148,http://rdf.ncbi.nlm.nih.gov/pubchem/compound/CID7274,2.32
149,http://rdf.ncbi.nlm.nih.gov/pubchem/compound/CID7281,2.514
150,http://rdf.ncbi.nlm.nih.gov/pubchem/compound/CID7283,2.523
151,http://rdf.ncbi.nlm.nih.gov/pubchem/compound/CID7287,3.57
152,http://rdf.ncbi.nlm.nih.gov/pubchem/compound/CID7288,1.544
153,http://rdf.ncbi.nlm.nih.gov/pubchem/compound/CID7289,2.207
154,http://rdf.ncbi.nlm.nih.gov/pubchem/compound/CID5324275,1.93
155,http://rdf.ncbi.nlm.nih.gov/pubchem/compound/CID7294,3.55
156,http://rdf.ncbi.nlm.nih.gov/pubchem/compound/CID7295,3.886
157,http://rdf.ncbi.nlm.nih.gov/pubchem/compound/CID7302,1.283
158,http://rdf.ncbi.nlm.nih.gov/pubchem/compound/CID7321,3.72
159,http://rdf.ncbi.nlm.nih.gov/pubchem/compound/CID3037,6.09
160,http://rdf.ncbi.nlm.nih.gov/pubchem/compound/CID3314,3.42
161,http://rdf.ncbi.nlm.nih.gov/pubchem/compound/CID7338,3.75
162,http://rdf.ncbi.nlm.nih.gov/pubchem/compound/CID7342,1.729
163,http://rdf.ncbi.nlm.nih.gov/pubchem/compound/CID7343,2.07
164,http://rdf.ncbi.nlm.nih.gov/pubchem/compound/CID7351,2.409
165,http://rdf.ncbi.nlm.nih.gov/pubchem/compound/CID7352,2.72
166,http://rdf.ncbi.nlm.nih.gov/pubchem/compound/CID7359,2.946
167,http://rdf.ncbi.nlm.nih.gov/pubchem/compound/CID7364,2.95
168,http://rdf.ncbi.nlm.nih.gov/pubchem/compound/CID7393,3.91
169,http://rdf.ncbi.nlm.nih.gov/pubchem/compound/CID7406,3.69
170,http://rdf.ncbi.nlm.nih.gov/pubchem/compound/CID7410,2.54
171,http://rdf.ncbi.nlm.nih.gov/pubchem/compound/CID7411,3.11
172,http://rdf.ncbi.nlm.nih.gov/pubchem/compound/CID7416,3.14
173,http://rdf.ncbi.nlm.nih.gov/pubchem/compound/CID7420,2.19
174,http://rdf.ncbi.nlm.nih.gov/pubchem/compound/CID7422,3.42
175,http://rdf.ncbi.nlm.nih.gov/pubchem/compound/CID7423,3.03
176,http://rdf.ncbi.nlm.nih.gov/pubchem/compound/CID7440,3.59
177,http://rdf.ncbi.nlm.nih.gov/pubchem/compound/CID5111791,3.52
178,http://rdf.ncbi.nlm.nih.gov/pubchem/compound/CID7449,3.11
179,http://rdf.ncbi.nlm.nih.gov/pubchem/compound/CID7452,3.76
180,http://rdf.ncbi.nlm.nih.gov/pubchem/compound/CID3121,3.026
181,http://rdf.ncbi.nlm.nih.gov/pubchem/compound/CID7455,3.23
182,http://rdf.ncbi.nlm.nih.gov/pubchem/compound/CID7456,3.08
183,http://rdf.ncbi.nlm.nih.gov/pubchem/compound/CID7457,3.71
184,http://rdf.ncbi.nlm.nih.gov/pubchem/compound/CID7464,3.22
185,http://rdf.ncbi.nlm.nih.gov/pubchem/compound/CID135,1.98
186,http://rdf.ncbi.nlm.nih.gov/pubchem/compound/CID980,4.42
187,http://rdf.ncbi.nlm.nih.gov/pubchem/compound/CID7476,2.87
188,http://rdf.ncbi.nlm.nih.gov/pubchem/compound/CID7479,3.23
189,http://rdf.ncbi.nlm.nih.gov/pubchem/compound/CID66011,5.31
190,http://rdf.ncbi.nlm.nih.gov/pubchem/compound/CID7482,4.18
191,http://rdf.ncbi.nlm.nih.gov/pubchem/compound/CID7485,3.54
192,http://rdf.ncbi.nlm.nih.gov/pubchem/compound/CID7492,4.3
193,http://rdf.ncbi.nlm.nih.gov/pubchem/compound/CID7497,1.505
194,http://rdf.ncbi.nlm.nih.gov/pubchem/compound/CID7498,3.638
195,http://rdf.ncbi.nlm.nih.gov/pubchem/compound/CID7501,2.98
196,http://rdf.ncbi.nlm.nih.gov/pubchem/compound/CID7504,2.76
197,http://rdf.ncbi.nlm.nih.gov/pubchem/compound/CID7506,2.18
198,http://rdf.ncbi.nlm.nih.gov/pubchem/compound/CID240,2.8
199,http://rdf.ncbi.nlm.nih.gov/pubchem/compound/CID79,2.26
200,http://rdf.ncbi.nlm.nih.gov/pubchem/compound/CID7515,3.06
201,http://rdf.ncbi.nlm.nih.gov/pubchem/compound/CID7520,3.18
202,http://rdf.ncbi.nlm.nih.gov/pubchem/compound/CID7522,2.17
203,http://rdf.ncbi.nlm.nih.gov/pubchem/compound/CID7523,2.13
204,http://rdf.ncbi.nlm.nih.gov/pubchem/compound/CID7528,1.21
205,http://rdf.ncbi.nlm.nih.gov/pubchem/compound/CID101,3.08
206,http://rdf.ncbi.nlm.nih.gov/pubchem/compound/CID7531,2.59
207,http://rdf.ncbi.nlm.nih.gov/pubchem/compound/CID7581,3.38
208,http://rdf.ncbi.nlm.nih.gov/pubchem/compound/CID4780,2.61
209,http://rdf.ncbi.nlm.nih.gov/pubchem/compound/CID7618,1.251
210,http://rdf.ncbi.nlm.nih.gov/pubchem/compound/CID7632,2.93
211,http://rdf.ncbi.nlm.nih.gov/pubchem/compound/CID637758,3.99
212,http://rdf.ncbi.nlm.nih.gov/pubchem/compound/CID7660,3.59
213,http://rdf.ncbi.nlm.nih.gov/pubchem/compound/CID7666,3.42
214,http://rdf.ncbi.nlm.nih.gov/pubchem/compound/CID7670,3.07
215,http://rdf.ncbi.nlm.nih.gov/pubchem/compound/CID7673,4.41
216,http://rdf.ncbi.nlm.nih.gov/pubchem/compound/CID7681,3.12
217,http://rdf.ncbi.nlm.nih.gov/pubchem/compound/CID1983,2.18
218,http://rdf.ncbi.nlm.nih.gov/pubchem/compound/CID1752,5.47
219,http://rdf.ncbi.nlm.nih.gov/pubchem/compound/CID7704,2.62
220,http://rdf.ncbi.nlm.nih.gov/pubchem/compound/CID7705,4.25
221,http://rdf.ncbi.nlm.nih.gov/pubchem/compound/CID308,2.92
222,http://rdf.ncbi.nlm.nih.gov/pubchem/compound/CID7710,3.014
223,http://rdf.ncbi.nlm.nih.gov/pubchem/compound/CID7720,3.167
224,http://rdf.ncbi.nlm.nih.gov/pubchem/compound/CID7724,2.9
225,http://rdf.ncbi.nlm.nih.gov/pubchem/compound/CID7725,2.943
226,http://rdf.ncbi.nlm.nih.gov/pubchem/compound/CID7726,3.4
227,http://rdf.ncbi.nlm.nih.gov/pubchem/compound/CID7728,2.82
228,http://rdf.ncbi.nlm.nih.gov/pubchem/compound/CID7729,3.65
229,http://rdf.ncbi.nlm.nih.gov/pubchem/compound/CID7731,3.25
230,http://rdf.ncbi.nlm.nih.gov/pubchem/compound/CID7747,1.66
231,http://rdf.ncbi.nlm.nih.gov/pubchem/compound/CID7748,5.678
232,http://rdf.ncbi.nlm.nih.gov/pubchem/compound/CID7749,2.055
233,http://rdf.ncbi.nlm.nih.gov/pubchem/compound/CID7750,2.347
234,http://rdf.ncbi.nlm.nih.gov/pubchem/compound/CID7751,4.056
235,http://rdf.ncbi.nlm.nih.gov/pubchem/compound/CID7755,2.767
236,http://rdf.ncbi.nlm.nih.gov/pubchem/compound/CID7758,2.321
237,http://rdf.ncbi.nlm.nih.gov/pubchem/compound/CID7761,2.003
238,http://rdf.ncbi.nlm.nih.gov/pubchem/compound/CID7764,1.77
239,http://rdf.ncbi.nlm.nih.gov/pubchem/compound/CID7767,1.166
240,http://rdf.ncbi.nlm.nih.gov/pubchem/compound/CID7770,2.586
241,http://rdf.ncbi.nlm.nih.gov/pubchem/compound/CID7771,3.14
242,http://rdf.ncbi.nlm.nih.gov/pubchem/compound/CID5271570,4.49
243,http://rdf.ncbi.nlm.nih.gov/pubchem/compound/CID7784,3.792
244,http://rdf.ncbi.nlm.nih.gov/pubchem/compound/CID7803,2.185
245,http://rdf.ncbi.nlm.nih.gov/pubchem/compound/CID7804,3.68
246,http://rdf.ncbi.nlm.nih.gov/pubchem/compound/CID7805,3.47
247,http://rdf.ncbi.nlm.nih.gov/pubchem/compound/CID7807,4.01
248,http://rdf.ncbi.nlm.nih.gov/pubchem/compound/CID7808,3.68
249,http://rdf.ncbi.nlm.nih.gov/pubchem/compound/CID7809,3.25
250,http://rdf.ncbi.nlm.nih.gov/pubchem/compound/CID2879,2.84
251,http://rdf.ncbi.nlm.nih.gov/pubchem/compound/CID4685,3.53
252,http://rdf.ncbi.nlm.nih.gov/pubchem/compound/CID7813,2.95
253,http://rdf.ncbi.nlm.nih.gov/pubchem/compound/CID7819,3.29
254,http://rdf.ncbi.nlm.nih.gov/pubchem/compound/CID7820,1.943
255,http://rdf.ncbi.nlm.nih.gov/pubchem/compound/CID7824,2.439
256,http://rdf.ncbi.nlm.nih.gov/pubchem/compound/CID7826,3.104
257,http://rdf.ncbi.nlm.nih.gov/pubchem/compound/CID7829,4.011
258,http://rdf.ncbi.nlm.nih.gov/pubchem/compound/CID7841,3.569
259,http://rdf.ncbi.nlm.nih.gov/pubchem/compound/CID7847,4.89
260,http://rdf.ncbi.nlm.nih.gov/pubchem/compound/CID7850,2.06
261,http://rdf.ncbi.nlm.nih.gov/pubchem/compound/CID34,1.583
262,http://rdf.ncbi.nlm.nih.gov/pubchem/compound/CID33643,2.61
263,http://rdf.ncbi.nlm.nih.gov/pubchem/compound/CID7854,1.028
264,http://rdf.ncbi.nlm.nih.gov/pubchem/compound/CID7856,3.845
265,http://rdf.ncbi.nlm.nih.gov/pubchem/compound/CID7858,1.082
266,http://rdf.ncbi.nlm.nih.gov/pubchem/compound/CID7859,1.926
267,http://rdf.ncbi.nlm.nih.gov/pubchem/compound/CID7863,1.39
268,http://rdf.ncbi.nlm.nih.gov/pubchem/compound/CID7865,1.502
269,http://rdf.ncbi.nlm.nih.gov/pubchem/compound/CID7870,1.047
270,http://rdf.ncbi.nlm.nih.gov/pubchem/compound/CID66052,3.854
271,http://rdf.ncbi.nlm.nih.gov/pubchem/compound/CID7891,3.25
272,http://rdf.ncbi.nlm.nih.gov/pubchem/compound/CID7894,2.423
273,http://rdf.ncbi.nlm.nih.gov/pubchem/compound/CID61020,3.09
274,http://rdf.ncbi.nlm.nih.gov/pubchem/compound/CID7895,1.778
275,http://rdf.ncbi.nlm.nih.gov/pubchem/compound/CID7896,0.699
276,http://rdf.ncbi.nlm.nih.gov/pubchem/compound/CID264,2.428
277,http://rdf.ncbi.nlm.nih.gov/pubchem/compound/CID637090,2.455
278,http://rdf.ncbi.nlm.nih.gov/pubchem/compound/CID7899,2.668
279,http://rdf.ncbi.nlm.nih.gov/pubchem/compound/CID7903,2.01
280,http://rdf.ncbi.nlm.nih.gov/pubchem/compound/CID7904,2.141
281,http://rdf.ncbi.nlm.nih.gov/pubchem/compound/CID7909,1.792
282,http://rdf.ncbi.nlm.nih.gov/pubchem/compound/CID7915,1.41
283,http://rdf.ncbi.nlm.nih.gov/pubchem/compound/CID7916,2.511
284,http://rdf.ncbi.nlm.nih.gov/pubchem/compound/CID7921,1.431
285,http://rdf.ncbi.nlm.nih.gov/pubchem/compound/CID342,2.92
286,http://rdf.ncbi.nlm.nih.gov/pubchem/compound/CID7933,3.87
287,http://rdf.ncbi.nlm.nih.gov/pubchem/compound/CID7934,2.72
288,http://rdf.ncbi.nlm.nih.gov/pubchem/compound/CID5054,2.35
289,http://rdf.ncbi.nlm.nih.gov/pubchem/compound/CID7936,2.35
290,http://rdf.ncbi.nlm.nih.gov/pubchem/compound/CID7937,2.19
291,http://rdf.ncbi.nlm.nih.gov/pubchem/compound/CID7943,1.713
292,http://rdf.ncbi.nlm.nih.gov/pubchem/compound/CID7945,2.277
293,http://rdf.ncbi.nlm.nih.gov/pubchem/compound/CID7949,2.64
294,http://rdf.ncbi.nlm.nih.gov/pubchem/compound/CID7950,3.87
295,http://rdf.ncbi.nlm.nih.gov/pubchem/compound/CID359,1.74
296,http://rdf.ncbi.nlm.nih.gov/pubchem/compound/CID1140,3.25
297,http://rdf.ncbi.nlm.nih.gov/pubchem/compound/CID7963,2.12
298,http://rdf.ncbi.nlm.nih.gov/pubchem/compound/CID7964,2.87
299,http://rdf.ncbi.nlm.nih.gov/pubchem/compound/CID7966,2.234
300,http://rdf.ncbi.nlm.nih.gov/pubchem/compound/CID7967,1.767
301,http://rdf.ncbi.nlm.nih.gov/pubchem/compound/CID996,2.65
302,http://rdf.ncbi.nlm.nih.gov/pubchem/compound/CID7969,4.66
303,http://rdf.ncbi.nlm.nih.gov/pubchem/compound/CID53167,2.04
304,http://rdf.ncbi.nlm.nih.gov/pubchem/compound/CID7973,2.46
305,http://rdf.ncbi.nlm.nih.gov/pubchem/compound/CID7975,1.99
306,http://rdf.ncbi.nlm.nih.gov/pubchem/compound/CID7976,1.91
307,http://rdf.ncbi.nlm.nih.gov/pubchem/compound/CID7977,2.16
308,http://rdf.ncbi.nlm.nih.gov/pubchem/compound/CID7983,3.516
309,http://rdf.ncbi.nlm.nih.gov/pubchem/compound/CID2723622,3.86
310,http://rdf.ncbi.nlm.nih.gov/pubchem/compound/CID7989,1.86
311,http://rdf.ncbi.nlm.nih.gov/pubchem/compound/CID7990,3.511
312,http://rdf.ncbi.nlm.nih.gov/pubchem/compound/CID7991,2.733
313,http://rdf.ncbi.nlm.nih.gov/pubchem/compound/CID7997,1.762
314,http://rdf.ncbi.nlm.nih.gov/pubchem/compound/CID8005,2.09
315,http://rdf.ncbi.nlm.nih.gov/pubchem/compound/CID8008,1.559
316,http://rdf.ncbi.nlm.nih.gov/pubchem/compound/CID8009,1.521
317,http://rdf.ncbi.nlm.nih.gov/pubchem/compound/CID8010,3.22
318,http://rdf.ncbi.nlm.nih.gov/pubchem/compound/CID8016,1.18
319,http://rdf.ncbi.nlm.nih.gov/pubchem/compound/CID8018,1.21
320,http://rdf.ncbi.nlm.nih.gov/pubchem/compound/CID8029,1.35
321,http://rdf.ncbi.nlm.nih.gov/pubchem/compound/CID8030,1.56
322,http://rdf.ncbi.nlm.nih.gov/pubchem/compound/CID8034,2.354
323,http://rdf.ncbi.nlm.nih.gov/pubchem/compound/CID8035,1.597
324,http://rdf.ncbi.nlm.nih.gov/pubchem/compound/CID1110,2.061
325,http://rdf.ncbi.nlm.nih.gov/pubchem/compound/CID8041,2.485
326,http://rdf.ncbi.nlm.nih.gov/pubchem/compound/CID8049,4.354
327,http://rdf.ncbi.nlm.nih.gov/pubchem/compound/CID8050,4.378
328,http://rdf.ncbi.nlm.nih.gov/pubchem/compound/CID8057,3.484
329,http://rdf.ncbi.nlm.nih.gov/pubchem/compound/CID8058,3.72
330,http://rdf.ncbi.nlm.nih.gov/pubchem/compound/CID8060,2.515
331,http://rdf.ncbi.nlm.nih.gov/pubchem/compound/CID8061,1.993
332,http://rdf.ncbi.nlm.nih.gov/pubchem/compound/CID8062,1.176
333,http://rdf.ncbi.nlm.nih.gov/pubchem/compound/CID8063,2.978
334,http://rdf.ncbi.nlm.nih.gov/pubchem/compound/CID8064,0.764
335,http://rdf.ncbi.nlm.nih.gov/pubchem/compound/CID8066,1.116
336,http://rdf.ncbi.nlm.nih.gov/pubchem/compound/CID8068,2.322
337,http://rdf.ncbi.nlm.nih.gov/pubchem/compound/CID8073,1.978
338,http://rdf.ncbi.nlm.nih.gov/pubchem/compound/CID1049,1.68
339,http://rdf.ncbi.nlm.nih.gov/pubchem/compound/CID9862,2.548
340,http://rdf.ncbi.nlm.nih.gov/pubchem/compound/CID743,2.361
341,http://rdf.ncbi.nlm.nih.gov/pubchem/compound/CID8091,3.536
342,http://rdf.ncbi.nlm.nih.gov/pubchem/compound/CID8092,4.04
343,http://rdf.ncbi.nlm.nih.gov/pubchem/compound/CID8093,2.855
344,http://rdf.ncbi.nlm.nih.gov/pubchem/compound/CID8094,2.887
345,http://rdf.ncbi.nlm.nih.gov/pubchem/compound/CID385,2.416
346,http://rdf.ncbi.nlm.nih.gov/pubchem/compound/CID8101,3.937
347,http://rdf.ncbi.nlm.nih.gov/pubchem/compound/CID8102,2.78
348,http://rdf.ncbi.nlm.nih.gov/pubchem/compound/CID8103,2.621
349,http://rdf.ncbi.nlm.nih.gov/pubchem/compound/CID8105,1.066
350,http://rdf.ncbi.nlm.nih.gov/pubchem/compound/CID8113,1.206
351,http://rdf.ncbi.nlm.nih.gov/pubchem/compound/CID8127,3.211
352,http://rdf.ncbi.nlm.nih.gov/pubchem/compound/CID8128,1.462
353,http://rdf.ncbi.nlm.nih.gov/pubchem/compound/CID8129,3.105
354,http://rdf.ncbi.nlm.nih.gov/pubchem/compound/CID8130,2.998
355,http://rdf.ncbi.nlm.nih.gov/pubchem/compound/CID8137,4.32
356,http://rdf.ncbi.nlm.nih.gov/pubchem/compound/CID8140,4.87
357,http://rdf.ncbi.nlm.nih.gov/pubchem/compound/CID8142,3.67
358,http://rdf.ncbi.nlm.nih.gov/pubchem/compound/CID8143,3.351
359,http://rdf.ncbi.nlm.nih.gov/pubchem/compound/CID957,3.583
360,http://rdf.ncbi.nlm.nih.gov/pubchem/compound/CID8158,3.351
361,http://rdf.ncbi.nlm.nih.gov/pubchem/compound/CID8163,4.535
362,http://rdf.ncbi.nlm.nih.gov/pubchem/compound/CID8164,4.057
363,http://rdf.ncbi.nlm.nih.gov/pubchem/compound/CID8167,4.88
364,http://rdf.ncbi.nlm.nih.gov/pubchem/compound/CID16215,4.701
365,http://rdf.ncbi.nlm.nih.gov/pubchem/compound/CID8174,4.335
366,http://rdf.ncbi.nlm.nih.gov/pubchem/compound/CID8184,4.955
367,http://rdf.ncbi.nlm.nih.gov/pubchem/compound/CID8186,4.69
368,http://rdf.ncbi.nlm.nih.gov/pubchem/compound/CID37153,3.224
369,http://rdf.ncbi.nlm.nih.gov/pubchem/compound/CID8257,1.611
370,http://rdf.ncbi.nlm.nih.gov/pubchem/compound/CID8258,1.689
371,http://rdf.ncbi.nlm.nih.gov/pubchem/compound/CID8259,2.535
372,http://rdf.ncbi.nlm.nih.gov/pubchem/compound/CID8289,4.81
373,http://rdf.ncbi.nlm.nih.gov/pubchem/compound/CID8330,4.82
374,http://rdf.ncbi.nlm.nih.gov/pubchem/compound/CID8342,6.36
375,http://rdf.ncbi.nlm.nih.gov/pubchem/compound/CID8348,4.23
376,http://rdf.ncbi.nlm.nih.gov/pubchem/compound/CID1483,4.91
377,http://rdf.ncbi.nlm.nih.gov/pubchem/compound/CID8374,2.55
378,http://rdf.ncbi.nlm.nih.gov/pubchem/compound/CID8391,3.57
379,http://rdf.ncbi.nlm.nih.gov/pubchem/compound/CID3102,3.87
380,http://rdf.ncbi.nlm.nih.gov/pubchem/compound/CID8434,3.57
381,http://rdf.ncbi.nlm.nih.gov/pubchem/compound/CID61048,3.98
382,http://rdf.ncbi.nlm.nih.gov/pubchem/compound/CID2345,4.45
383,http://rdf.ncbi.nlm.nih.gov/pubchem/compound/CID798,3.21
384,http://rdf.ncbi.nlm.nih.gov/pubchem/compound/CID289,3.75
385,http://rdf.ncbi.nlm.nih.gov/pubchem/compound/CID8461,3.87
386,http://rdf.ncbi.nlm.nih.gov/pubchem/compound/CID8462,3.85
387,http://rdf.ncbi.nlm.nih.gov/pubchem/compound/CID8467,3.02
388,http://rdf.ncbi.nlm.nih.gov/pubchem/compound/CID1183,2.97
389,http://rdf.ncbi.nlm.nih.gov/pubchem/compound/CID949,3.28
390,http://rdf.ncbi.nlm.nih.gov/pubchem/compound/CID8489,3.73
391,http://rdf.ncbi.nlm.nih.gov/pubchem/compound/CID8494,3.32
392,http://rdf.ncbi.nlm.nih.gov/pubchem/compound/CID326,3.67
393,http://rdf.ncbi.nlm.nih.gov/pubchem/compound/CID998,3.87
394,http://rdf.ncbi.nlm.nih.gov/pubchem/compound/CID31233,3.7
395,http://rdf.ncbi.nlm.nih.gov/pubchem/compound/CID31234,2.79
396,http://rdf.ncbi.nlm.nih.gov/pubchem/compound/CID31244,2.953
397,http://rdf.ncbi.nlm.nih.gov/pubchem/compound/CID31245,2.526
398,http://rdf.ncbi.nlm.nih.gov/pubchem/compound/CID31246,2.331
399,http://rdf.ncbi.nlm.nih.gov/pubchem/compound/CID403,2.92
400,http://rdf.ncbi.nlm.nih.gov/pubchem/compound/CID785,3.47
401,http://rdf.ncbi.nlm.nih.gov/pubchem/compound/CID527,2.515
402,http://rdf.ncbi.nlm.nih.gov/pubchem/compound/CID31260,1.964
403,http://rdf.ncbi.nlm.nih.gov/pubchem/compound/CID31265,3.064
404,http://rdf.ncbi.nlm.nih.gov/pubchem/compound/CID31266,3.213
405,http://rdf.ncbi.nlm.nih.gov/pubchem/compound/CID261,2.62
406,http://rdf.ncbi.nlm.nih.gov/pubchem/compound/CID447466,4.06
407,http://rdf.ncbi.nlm.nih.gov/pubchem/compound/CID31272,2.514
408,http://rdf.ncbi.nlm.nih.gov/pubchem/compound/CID20083,3.0
409,http://rdf.ncbi.nlm.nih.gov/pubchem/compound/CID196,2.394
410,http://rdf.ncbi.nlm.nih.gov/pubchem/compound/CID379,3.081
411,http://rdf.ncbi.nlm.nih.gov/pubchem/compound/CID31286,3.283
412,http://rdf.ncbi.nlm.nih.gov/pubchem/compound/CID31289,3.808
413,http://rdf.ncbi.nlm.nih.gov/pubchem/compound/CID11807,1.069
414,http://rdf.ncbi.nlm.nih.gov/pubchem/compound/CID6321405,3.15
415,http://rdf.ncbi.nlm.nih.gov/pubchem/compound/CID31368,1.347
416,http://rdf.ncbi.nlm.nih.gov/pubchem/compound/CID31370,1.508
417,http://rdf.ncbi.nlm.nih.gov/pubchem/compound/CID67180,1.752
418,http://rdf.ncbi.nlm.nih.gov/pubchem/compound/CID31374,1.051
419,http://rdf.ncbi.nlm.nih.gov/pubchem/compound/CID31404,4.79
420,http://rdf.ncbi.nlm.nih.gov/pubchem/compound/CID8530,5.0
421,http://rdf.ncbi.nlm.nih.gov/pubchem/compound/CID8559,3.98
422,http://rdf.ncbi.nlm.nih.gov/pubchem/compound/CID8571,3.96
423,http://rdf.ncbi.nlm.nih.gov/pubchem/compound/CID8572,4.37
424,http://rdf.ncbi.nlm.nih.gov/pubchem/compound/CID4632,4.42
425,http://rdf.ncbi.nlm.nih.gov/pubchem/compound/CID67230,4.37
426,http://rdf.ncbi.nlm.nih.gov/pubchem/compound/CID568,4.42
427,http://rdf.ncbi.nlm.nih.gov/pubchem/compound/CID67244,3.557
428,http://rdf.ncbi.nlm.nih.gov/pubchem/compound/CID8609,4.41
429,http://rdf.ncbi.nlm.nih.gov/pubchem/compound/CID8655,3.17
430,http://rdf.ncbi.nlm.nih.gov/pubchem/compound/CID8658,3.15
431,http://rdf.ncbi.nlm.nih.gov/pubchem/compound/CID8690,4.11
432,http://rdf.ncbi.nlm.nih.gov/pubchem/compound/CID8698,3.92
433,http://rdf.ncbi.nlm.nih.gov/pubchem/compound/CID3610,4.8
434,http://rdf.ncbi.nlm.nih.gov/pubchem/compound/CID8723,2.047
435,http://rdf.ncbi.nlm.nih.gov/pubchem/compound/CID8768,3.107
436,http://rdf.ncbi.nlm.nih.gov/pubchem/compound/CID8792,4.1
437,http://rdf.ncbi.nlm.nih.gov/pubchem/compound/CID8794,2.64
438,http://rdf.ncbi.nlm.nih.gov/pubchem/compound/CID8795,2.21
439,http://rdf.ncbi.nlm.nih.gov/pubchem/compound/CID241582,3.66
440,http://rdf.ncbi.nlm.nih.gov/pubchem/compound/CID8821,3.52
441,http://rdf.ncbi.nlm.nih.gov/pubchem/compound/CID8830,3.512
442,http://rdf.ncbi.nlm.nih.gov/pubchem/compound/CID67328,3.009
443,http://rdf.ncbi.nlm.nih.gov/pubchem/compound/CID8844,2.874
444,http://rdf.ncbi.nlm.nih.gov/pubchem/compound/CID8846,3.52
445,http://rdf.ncbi.nlm.nih.gov/pubchem/compound/CID700,1.115
446,http://rdf.ncbi.nlm.nih.gov/pubchem/compound/CID8857,1.703
447,http://rdf.ncbi.nlm.nih.gov/pubchem/compound/CID8872,4.09
448,http://rdf.ncbi.nlm.nih.gov/pubchem/compound/CID8878,3.728
449,http://rdf.ncbi.nlm.nih.gov/pubchem/compound/CID8883,1.415
450,http://rdf.ncbi.nlm.nih.gov/pubchem/compound/CID67340,3.34
451,http://rdf.ncbi.nlm.nih.gov/pubchem/compound/CID8892,2.792
452,http://rdf.ncbi.nlm.nih.gov/pubchem/compound/CID637564,3.74
453,http://rdf.ncbi.nlm.nih.gov/pubchem/compound/CID8908,2.991
454,http://rdf.ncbi.nlm.nih.gov/pubchem/compound/CID8914,3.855
455,http://rdf.ncbi.nlm.nih.gov/pubchem/compound/CID3727,4.854
456,http://rdf.ncbi.nlm.nih.gov/pubchem/compound/CID8991,3.377
457,http://rdf.ncbi.nlm.nih.gov/pubchem/compound/CID8697,3.076
458,http://rdf.ncbi.nlm.nih.gov/pubchem/compound/CID9007,2.67
459,http://rdf.ncbi.nlm.nih.gov/pubchem/compound/CID127,1.5
460,http://rdf.ncbi.nlm.nih.gov/pubchem/compound/CID9086,1.308
461,http://rdf.ncbi.nlm.nih.gov/pubchem/compound/CID67472,4.14
462,http://rdf.ncbi.nlm.nih.gov/pubchem/compound/CID9191,4.31
463,http://rdf.ncbi.nlm.nih.gov/pubchem/compound/CID67473,4.07
464,http://rdf.ncbi.nlm.nih.gov/pubchem/compound/CID9207,2.66
465,http://rdf.ncbi.nlm.nih.gov/pubchem/compound/CID9210,2.71
466,http://rdf.ncbi.nlm.nih.gov/pubchem/compound/CID9215,4.4
467,http://rdf.ncbi.nlm.nih.gov/pubchem/compound/CID9223,2.89
468,http://rdf.ncbi.nlm.nih.gov/pubchem/compound/CID1048,1.29
469,http://rdf.ncbi.nlm.nih.gov/pubchem/compound/CID795,2.0
470,http://rdf.ncbi.nlm.nih.gov/pubchem/compound/CID9259,1.59
471,http://rdf.ncbi.nlm.nih.gov/pubchem/compound/CID9260,1.25
472,http://rdf.ncbi.nlm.nih.gov/pubchem/compound/CID9261,1.18
473,http://rdf.ncbi.nlm.nih.gov/pubchem/compound/CID9309,3.19
474,http://rdf.ncbi.nlm.nih.gov/pubchem/compound/CID9370,4.81
475,http://rdf.ncbi.nlm.nih.gov/pubchem/compound/CID9447,2.6
476,http://rdf.ncbi.nlm.nih.gov/pubchem/compound/CID9450,3.39
477,http://rdf.ncbi.nlm.nih.gov/pubchem/compound/CID67598,5.08
478,http://rdf.ncbi.nlm.nih.gov/pubchem/compound/CID9492,4.04
479,http://rdf.ncbi.nlm.nih.gov/pubchem/compound/CID2969,3.506
480,http://rdf.ncbi.nlm.nih.gov/pubchem/compound/CID67688,3.8
481,http://rdf.ncbi.nlm.nih.gov/pubchem/compound/CID9590,3.1
482,http://rdf.ncbi.nlm.nih.gov/pubchem/compound/CID9609,2.02
483,http://rdf.ncbi.nlm.nih.gov/pubchem/compound/CID9731,3.59
484,http://rdf.ncbi.nlm.nih.gov/pubchem/compound/CID650,2.77
485,http://rdf.ncbi.nlm.nih.gov/pubchem/compound/CID9905,2.99
486,http://rdf.ncbi.nlm.nih.gov/pubchem/compound/CID9923,2.8
487,http://rdf.ncbi.nlm.nih.gov/pubchem/compound/CID67970,3.079
488,http://rdf.ncbi.nlm.nih.gov/pubchem/compound/CID9958,3.37
489,http://rdf.ncbi.nlm.nih.gov/pubchem/compound/CID68008,2.61
490,http://rdf.ncbi.nlm.nih.gov/pubchem/compound/CID68023,2.873
491,http://rdf.ncbi.nlm.nih.gov/pubchem/compound/CID10015,4.521
492,http://rdf.ncbi.nlm.nih.gov/pubchem/compound/CID10141,5.83
493,http://rdf.ncbi.nlm.nih.gov/pubchem/compound/CID3806,6.33
494,http://rdf.ncbi.nlm.nih.gov/pubchem/compound/CID10205,5.2
495,http://rdf.ncbi.nlm.nih.gov/pubchem/compound/CID68117,3.85
496,http://rdf.ncbi.nlm.nih.gov/pubchem/compound/CID68120,4.04
497,http://rdf.ncbi.nlm.nih.gov/pubchem/compound/CID10313,3.38
498,http://rdf.ncbi.nlm.nih.gov/pubchem/compound/CID5321950,2.86
499,http://rdf.ncbi.nlm.nih.gov/pubchem/compound/CID2214,2.88
500,http://rdf.ncbi.nlm.nih.gov/pubchem/compound/CID10351,3.0
501,http://rdf.ncbi.nlm.nih.gov/pubchem/compound/CID68135,3.4
502,http://rdf.ncbi.nlm.nih.gov/pubchem/compound/CID10371,2.87
503,http://rdf.ncbi.nlm.nih.gov/pubchem/compound/CID10393,2.17
504,http://rdf.ncbi.nlm.nih.gov/pubchem/compound/CID10401,1.739
505,http://rdf.ncbi.nlm.nih.gov/pubchem/compound/CID10430,2.659
506,http://rdf.ncbi.nlm.nih.gov/pubchem/compound/CID10434,2.071
507,http://rdf.ncbi.nlm.nih.gov/pubchem/compound/CID10452,2.89
508,http://rdf.ncbi.nlm.nih.gov/pubchem/compound/CID10457,2.488
509,http://rdf.ncbi.nlm.nih.gov/pubchem/compound/CID10541,1.18
510,http://rdf.ncbi.nlm.nih.gov/pubchem/compound/CID10567,3.641
511,http://rdf.ncbi.nlm.nih.gov/pubchem/compound/CID10667,6.2
512,http://rdf.ncbi.nlm.nih.gov/pubchem/compound/CID10680,4.41
513,http://rdf.ncbi.nlm.nih.gov/pubchem/compound/CID136346,4.28
514,http://rdf.ncbi.nlm.nih.gov/pubchem/compound/CID10698,3.42
515,http://rdf.ncbi.nlm.nih.gov/pubchem/compound/CID10707,4.25
516,http://rdf.ncbi.nlm.nih.gov/pubchem/compound/CID10721,2.76
517,http://rdf.ncbi.nlm.nih.gov/pubchem/compound/CID68284,3.097
518,http://rdf.ncbi.nlm.nih.gov/pubchem/compound/CID79039,3.764
519,http://rdf.ncbi.nlm.nih.gov/pubchem/compound/CID10787,3.44
520,http://rdf.ncbi.nlm.nih.gov/pubchem/compound/CID68294,1.324
521,http://rdf.ncbi.nlm.nih.gov/pubchem/compound/CID10793,5.046
522,http://rdf.ncbi.nlm.nih.gov/pubchem/compound/CID2723631,1.89
523,http://rdf.ncbi.nlm.nih.gov/pubchem/compound/CID10800,4.73
524,http://rdf.ncbi.nlm.nih.gov/pubchem/compound/CID79040,4.057
525,http://rdf.ncbi.nlm.nih.gov/pubchem/compound/CID10807,2.569
526,http://rdf.ncbi.nlm.nih.gov/pubchem/compound/CID447,2.87
527,http://rdf.ncbi.nlm.nih.gov/pubchem/compound/CID10821,2.86
528,http://rdf.ncbi.nlm.nih.gov/pubchem/compound/CID5273465,4.53
529,http://rdf.ncbi.nlm.nih.gov/pubchem/compound/CID10864,4.79
530,http://rdf.ncbi.nlm.nih.gov/pubchem/compound/CID68320,3.126
531,http://rdf.ncbi.nlm.nih.gov/pubchem/compound/CID10882,2.642
532,http://rdf.ncbi.nlm.nih.gov/pubchem/compound/CID10883,1.6
533,http://rdf.ncbi.nlm.nih.gov/pubchem/compound/CID10895,2.307
534,http://rdf.ncbi.nlm.nih.gov/pubchem/compound/CID10898,2.154
535,http://rdf.ncbi.nlm.nih.gov/pubchem/compound/CID10908,1.51
536,http://rdf.ncbi.nlm.nih.gov/pubchem/compound/CID10930,1.34
537,http://rdf.ncbi.nlm.nih.gov/pubchem/compound/CID10943,3.56
538,http://rdf.ncbi.nlm.nih.gov/pubchem/compound/CID10956,2.214
539,http://rdf.ncbi.nlm.nih.gov/pubchem/compound/CID10957,1.692
540,http://rdf.ncbi.nlm.nih.gov/pubchem/compound/CID10966,4.627
541,http://rdf.ncbi.nlm.nih.gov/pubchem/compound/CID10976,2.53
542,http://rdf.ncbi.nlm.nih.gov/pubchem/compound/CID10992,3.78
543,http://rdf.ncbi.nlm.nih.gov/pubchem/compound/CID10994,1.363
544,http://rdf.ncbi.nlm.nih.gov/pubchem/compound/CID24900271,4.883
545,http://rdf.ncbi.nlm.nih.gov/pubchem/compound/CID11080,5.137
546,http://rdf.ncbi.nlm.nih.gov/pubchem/compound/CID11092,3.55
547,http://rdf.ncbi.nlm.nih.gov/pubchem/compound/CID11101,3.17
548,http://rdf.ncbi.nlm.nih.gov/pubchem/compound/CID11123,3.56
549,http://rdf.ncbi.nlm.nih.gov/pubchem/compound/CID11124,1.391
550,http://rdf.ncbi.nlm.nih.gov/pubchem/compound/CID11137,3.51
551,http://rdf.ncbi.nlm.nih.gov/pubchem/compound/CID541,3.2
552,http://rdf.ncbi.nlm.nih.gov/pubchem/compound/CID68386,3.13
553,http://rdf.ncbi.nlm.nih.gov/pubchem/compound/CID11166,3.796
554,http://rdf.ncbi.nlm.nih.gov/pubchem/compound/CID11173,1.761
555,http://rdf.ncbi.nlm.nih.gov/pubchem/compound/CID643731,4.34
556,http://rdf.ncbi.nlm.nih.gov/pubchem/compound/CID68423,4.638
557,http://rdf.ncbi.nlm.nih.gov/pubchem/compound/CID11251,1.831
558,http://rdf.ncbi.nlm.nih.gov/pubchem/compound/CID11268,2.451
559,http://rdf.ncbi.nlm.nih.gov/pubchem/compound/CID11304,4.43
560,http://rdf.ncbi.nlm.nih.gov/pubchem/compound/CID11334,4.28
561,http://rdf.ncbi.nlm.nih.gov/pubchem/compound/CID11335,2.92
562,http://rdf.ncbi.nlm.nih.gov/pubchem/compound/CID11336,5.57
563,http://rdf.ncbi.nlm.nih.gov/pubchem/compound/CID11348,3.27
564,http://rdf.ncbi.nlm.nih.gov/pubchem/compound/CID11369,3.31
565,http://rdf.ncbi.nlm.nih.gov/pubchem/compound/CID11398,2.72
566,http://rdf.ncbi.nlm.nih.gov/pubchem/compound/CID68490,3.08
567,http://rdf.ncbi.nlm.nih.gov/pubchem/compound/CID11417,2.5
568,http://rdf.ncbi.nlm.nih.gov/pubchem/compound/CID11419,2.19
569,http://rdf.ncbi.nlm.nih.gov/pubchem/compound/CID68502,4.68
570,http://rdf.ncbi.nlm.nih.gov/pubchem/compound/CID66,4.13
571,http://rdf.ncbi.nlm.nih.gov/pubchem/compound/CID11428,1.756
572,http://rdf.ncbi.nlm.nih.gov/pubchem/compound/CID11441,5.31
573,http://rdf.ncbi.nlm.nih.gov/pubchem/compound/CID11450,3.74
574,http://rdf.ncbi.nlm.nih.gov/pubchem/compound/CID11454,2.331
575,http://rdf.ncbi.nlm.nih.gov/pubchem/compound/CID11475,2.97
576,http://rdf.ncbi.nlm.nih.gov/pubchem/compound/CID11476,2.76
577,http://rdf.ncbi.nlm.nih.gov/pubchem/compound/CID11477,3.406
578,http://rdf.ncbi.nlm.nih.gov/pubchem/compound/CID11503,2.59
579,http://rdf.ncbi.nlm.nih.gov/pubchem/compound/CID11504,3.03
580,http://rdf.ncbi.nlm.nih.gov/pubchem/compound/CID11520,2.51
581,http://rdf.ncbi.nlm.nih.gov/pubchem/compound/CID11527,2.94
582,http://rdf.ncbi.nlm.nih.gov/pubchem/compound/CID11529,3.17
583,http://rdf.ncbi.nlm.nih.gov/pubchem/compound/CID11534,5.229
584,http://rdf.ncbi.nlm.nih.gov/pubchem/compound/CID11552,2.67
585,http://rdf.ncbi.nlm.nih.gov/pubchem/compound/CID11553,2.956
586,http://rdf.ncbi.nlm.nih.gov/pubchem/compound/CID11563,4.15
587,http://rdf.ncbi.nlm.nih.gov/pubchem/compound/CID11568,2.48
588,http://rdf.ncbi.nlm.nih.gov/pubchem/compound/CID11569,3.23
589,http://rdf.ncbi.nlm.nih.gov/pubchem/compound/CID11571,4.56
590,http://rdf.ncbi.nlm.nih.gov/pubchem/compound/CID11575,3.36
591,http://rdf.ncbi.nlm.nih.gov/pubchem/compound/CID154889,1.657
592,http://rdf.ncbi.nlm.nih.gov/pubchem/compound/CID11584,3.48
593,http://rdf.ncbi.nlm.nih.gov/pubchem/compound/CID11596,2.034
594,http://rdf.ncbi.nlm.nih.gov/pubchem/compound/CID11613,4.721
595,http://rdf.ncbi.nlm.nih.gov/pubchem/compound/CID11622,5.119
596,http://rdf.ncbi.nlm.nih.gov/pubchem/compound/CID68986,2.302
597,http://rdf.ncbi.nlm.nih.gov/pubchem/compound/CID61144,2.712
598,http://rdf.ncbi.nlm.nih.gov/pubchem/compound/CID11718,2.01
599,http://rdf.ncbi.nlm.nih.gov/pubchem/compound/CID11722,1.025
600,http://rdf.ncbi.nlm.nih.gov/pubchem/compound/CID11723,2.092
601,http://rdf.ncbi.nlm.nih.gov/pubchem/compound/CID11732,2.004
602,http://rdf.ncbi.nlm.nih.gov/pubchem/compound/CID69027,1.72
603,http://rdf.ncbi.nlm.nih.gov/pubchem/compound/CID11752,2.295
604,http://rdf.ncbi.nlm.nih.gov/pubchem/compound/CID11760,3.66
605,http://rdf.ncbi.nlm.nih.gov/pubchem/compound/CID69070,3.84
606,http://rdf.ncbi.nlm.nih.gov/pubchem/compound/CID11829,3.39
607,http://rdf.ncbi.nlm.nih.gov/pubchem/compound/CID11830,3.08
608,http://rdf.ncbi.nlm.nih.gov/pubchem/compound/CID69090,3.71
609,http://rdf.ncbi.nlm.nih.gov/pubchem/compound/CID69100,4.41
610,http://rdf.ncbi.nlm.nih.gov/pubchem/compound/CID11852,5.66
611,http://rdf.ncbi.nlm.nih.gov/pubchem/compound/CID79068,3.021
612,http://rdf.ncbi.nlm.nih.gov/pubchem/compound/CID11862,5.67
613,http://rdf.ncbi.nlm.nih.gov/pubchem/compound/CID69108,1.56
614,http://rdf.ncbi.nlm.nih.gov/pubchem/compound/CID11883,4.52
615,http://rdf.ncbi.nlm.nih.gov/pubchem/compound/CID11899,3.99
616,http://rdf.ncbi.nlm.nih.gov/pubchem/compound/CID11907,3.04
617,http://rdf.ncbi.nlm.nih.gov/pubchem/compound/CID11922,4.08
618,http://rdf.ncbi.nlm.nih.gov/pubchem/compound/CID11923,2.85
619,http://rdf.ncbi.nlm.nih.gov/pubchem/compound/CID11953,3.31
620,http://rdf.ncbi.nlm.nih.gov/pubchem/compound/CID12005,4.4
621,http://rdf.ncbi.nlm.nih.gov/pubchem/compound/CID12007,3.18
622,http://rdf.ncbi.nlm.nih.gov/pubchem/compound/CID12008,3.54
623,http://rdf.ncbi.nlm.nih.gov/pubchem/compound/CID12013,3.455
624,http://rdf.ncbi.nlm.nih.gov/pubchem/compound/CID12019,2.187
625,http://rdf.ncbi.nlm.nih.gov/pubchem/compound/CID12020,1.653
626,http://rdf.ncbi.nlm.nih.gov/pubchem/compound/CID61157,1.573
627,http://rdf.ncbi.nlm.nih.gov/pubchem/compound/CID12024,2.3
628,http://rdf.ncbi.nlm.nih.gov/pubchem/compound/CID69229,3.76
629,http://rdf.ncbi.nlm.nih.gov/pubchem/compound/CID12053,2.43
630,http://rdf.ncbi.nlm.nih.gov/pubchem/compound/CID7408,2.82
631,http://rdf.ncbi.nlm.nih.gov/pubchem/compound/CID12059,3.61
632,http://rdf.ncbi.nlm.nih.gov/pubchem/compound/CID12068,3.94
633,http://rdf.ncbi.nlm.nih.gov/pubchem/compound/CID12074,4.18
634,http://rdf.ncbi.nlm.nih.gov/pubchem/compound/CID69267,2.78
635,http://rdf.ncbi.nlm.nih.gov/pubchem/compound/CID12081,3.6
636,http://rdf.ncbi.nlm.nih.gov/pubchem/compound/CID12083,3.39
637,http://rdf.ncbi.nlm.nih.gov/pubchem/compound/CID12084,3.09
638,http://rdf.ncbi.nlm.nih.gov/pubchem/compound/CID69275,3.12
639,http://rdf.ncbi.nlm.nih.gov/pubchem/compound/CID12101,3.29
640,http://rdf.ncbi.nlm.nih.gov/pubchem/compound/CID12105,3.081
641,http://rdf.ncbi.nlm.nih.gov/pubchem/compound/CID102,1.98
642,http://rdf.ncbi.nlm.nih.gov/pubchem/compound/CID12110,4.58
643,http://rdf.ncbi.nlm.nih.gov/pubchem/compound/CID12124,2.84
644,http://rdf.ncbi.nlm.nih.gov/pubchem/compound/CID12127,2.86
645,http://rdf.ncbi.nlm.nih.gov/pubchem/compound/CID737375,3.66
646,http://rdf.ncbi.nlm.nih.gov/pubchem/compound/CID231496,3.17
647,http://rdf.ncbi.nlm.nih.gov/pubchem/compound/CID69322,2.61
648,http://rdf.ncbi.nlm.nih.gov/pubchem/compound/CID12150,3.01
649,http://rdf.ncbi.nlm.nih.gov/pubchem/compound/CID2346,5.74
650,http://rdf.ncbi.nlm.nih.gov/pubchem/compound/CID12163,3.0
651,http://rdf.ncbi.nlm.nih.gov/pubchem/compound/CID12167,3.6
652,http://rdf.ncbi.nlm.nih.gov/pubchem/compound/CID12173,2.914
653,http://rdf.ncbi.nlm.nih.gov/pubchem/compound/CID12178,2.15
654,http://rdf.ncbi.nlm.nih.gov/pubchem/compound/CID12180,1.754
655,http://rdf.ncbi.nlm.nih.gov/pubchem/compound/CID638132,2.08
656,http://rdf.ncbi.nlm.nih.gov/pubchem/compound/CID12182,4.7
657,http://rdf.ncbi.nlm.nih.gov/pubchem/compound/CID12183,5.921
658,http://rdf.ncbi.nlm.nih.gov/pubchem/compound/CID12197,2.01
659,http://rdf.ncbi.nlm.nih.gov/pubchem/compound/CID12206,2.155
660,http://rdf.ncbi.nlm.nih.gov/pubchem/compound/CID12216,3.36
661,http://rdf.ncbi.nlm.nih.gov/pubchem/compound/CID12217,2.957
662,http://rdf.ncbi.nlm.nih.gov/pubchem/compound/CID12229,2.129
663,http://rdf.ncbi.nlm.nih.gov/pubchem/compound/CID12233,2.263
664,http://rdf.ncbi.nlm.nih.gov/pubchem/compound/CID12244,2.124
665,http://rdf.ncbi.nlm.nih.gov/pubchem/compound/CID12246,2.315
666,http://rdf.ncbi.nlm.nih.gov/pubchem/compound/CID32743,2.358
667,http://rdf.ncbi.nlm.nih.gov/pubchem/compound/CID12253,1.299
668,http://rdf.ncbi.nlm.nih.gov/pubchem/compound/CID3032338,1.87
669,http://rdf.ncbi.nlm.nih.gov/pubchem/compound/CID12266,2.52
670,http://rdf.ncbi.nlm.nih.gov/pubchem/compound/CID12272,4.12
671,http://rdf.ncbi.nlm.nih.gov/pubchem/compound/CID12296,2.363
672,http://rdf.ncbi.nlm.nih.gov/pubchem/compound/CID12297,2.07
673,http://rdf.ncbi.nlm.nih.gov/pubchem/compound/CID12302,2.31
674,http://rdf.ncbi.nlm.nih.gov/pubchem/compound/CID12308,2.067
675,http://rdf.ncbi.nlm.nih.gov/pubchem/compound/CID69389,1.305
676,http://rdf.ncbi.nlm.nih.gov/pubchem/compound/CID12313,1.601
677,http://rdf.ncbi.nlm.nih.gov/pubchem/compound/CID12315,2.191
678,http://rdf.ncbi.nlm.nih.gov/pubchem/compound/CID12332,2.092
679,http://rdf.ncbi.nlm.nih.gov/pubchem/compound/CID12348,3.163
680,http://rdf.ncbi.nlm.nih.gov/pubchem/compound/CID12352,2.624
681,http://rdf.ncbi.nlm.nih.gov/pubchem/compound/CID12367,3.618
682,http://rdf.ncbi.nlm.nih.gov/pubchem/compound/CID12369,4.487
683,http://rdf.ncbi.nlm.nih.gov/pubchem/compound/CID12372,2.763
684,http://rdf.ncbi.nlm.nih.gov/pubchem/compound/CID69415,4.706
685,http://rdf.ncbi.nlm.nih.gov/pubchem/compound/CID61177,2.618
686,http://rdf.ncbi.nlm.nih.gov/pubchem/compound/CID12385,2.23
687,http://rdf.ncbi.nlm.nih.gov/pubchem/compound/CID12416,1.675
688,http://rdf.ncbi.nlm.nih.gov/pubchem/compound/CID12464,4.35
689,http://rdf.ncbi.nlm.nih.gov/pubchem/compound/CID12481,4.009
690,http://rdf.ncbi.nlm.nih.gov/pubchem/compound/CID820777,2.99
691,http://rdf.ncbi.nlm.nih.gov/pubchem/compound/CID12503,3.69
692,http://rdf.ncbi.nlm.nih.gov/pubchem/compound/CID12511,1.332
693,http://rdf.ncbi.nlm.nih.gov/pubchem/compound/CID12516,2.52
694,http://rdf.ncbi.nlm.nih.gov/pubchem/compound/CID61186,2.655
695,http://rdf.ncbi.nlm.nih.gov/pubchem/compound/CID12529,2.217
696,http://rdf.ncbi.nlm.nih.gov/pubchem/compound/CID12566,4.66
697,http://rdf.ncbi.nlm.nih.gov/pubchem/compound/CID12580,3.64
698,http://rdf.ncbi.nlm.nih.gov/pubchem/compound/CID12581,2.84
699,http://rdf.ncbi.nlm.nih.gov/pubchem/compound/CID69558,3.82
700,http://rdf.ncbi.nlm.nih.gov/pubchem/compound/CID69601,3.19
701,http://rdf.ncbi.nlm.nih.gov/pubchem/compound/CID12694,2.023
702,http://rdf.ncbi.nlm.nih.gov/pubchem/compound/CID12703,1.458
703,http://rdf.ncbi.nlm.nih.gov/pubchem/compound/CID12713,4.57
704,http://rdf.ncbi.nlm.nih.gov/pubchem/compound/CID12736,2.914
705,http://rdf.ncbi.nlm.nih.gov/pubchem/compound/CID12741,3.582
706,http://rdf.ncbi.nlm.nih.gov/pubchem/compound/CID12743,4.09
707,http://rdf.ncbi.nlm.nih.gov/pubchem/compound/CID12769,3.36
708,http://rdf.ncbi.nlm.nih.gov/pubchem/compound/CID12788,3.59
709,http://rdf.ncbi.nlm.nih.gov/pubchem/compound/CID61202,3.16
710,http://rdf.ncbi.nlm.nih.gov/pubchem/compound/CID12810,2.923
711,http://rdf.ncbi.nlm.nih.gov/pubchem/compound/CID12813,3.493
712,http://rdf.ncbi.nlm.nih.gov/pubchem/compound/CID69730,5.12
713,http://rdf.ncbi.nlm.nih.gov/pubchem/compound/CID12902,3.36
714,http://rdf.ncbi.nlm.nih.gov/pubchem/compound/CID12957,1.519
715,http://rdf.ncbi.nlm.nih.gov/pubchem/compound/CID61207,1.628
716,http://rdf.ncbi.nlm.nih.gov/pubchem/compound/CID12988,1.82
717,http://rdf.ncbi.nlm.nih.gov/pubchem/compound/CID12991,2.132
718,http://rdf.ncbi.nlm.nih.gov/pubchem/compound/CID69818,2.616
719,http://rdf.ncbi.nlm.nih.gov/pubchem/compound/CID69856,2.3
720,http://rdf.ncbi.nlm.nih.gov/pubchem/compound/CID69858,4.17
721,http://rdf.ncbi.nlm.nih.gov/pubchem/compound/CID13037,3.08
722,http://rdf.ncbi.nlm.nih.gov/pubchem/compound/CID69861,3.36
723,http://rdf.ncbi.nlm.nih.gov/pubchem/compound/CID13041,4.63
724,http://rdf.ncbi.nlm.nih.gov/pubchem/compound/CID13165,3.69
725,http://rdf.ncbi.nlm.nih.gov/pubchem/compound/CID13181,1.785
726,http://rdf.ncbi.nlm.nih.gov/pubchem/compound/CID13187,3.66
727,http://rdf.ncbi.nlm.nih.gov/pubchem/compound/CID69988,5.2
728,http://rdf.ncbi.nlm.nih.gov/pubchem/compound/CID65,4.81
729,http://rdf.ncbi.nlm.nih.gov/pubchem/compound/CID13230,4.24
730,http://rdf.ncbi.nlm.nih.gov/pubchem/compound/CID13254,4.36
731,http://rdf.ncbi.nlm.nih.gov/pubchem/compound/CID70038,4.16
732,http://rdf.ncbi.nlm.nih.gov/pubchem/compound/CID13271,4.89
733,http://rdf.ncbi.nlm.nih.gov/pubchem/compound/CID13360,1.92
734,http://rdf.ncbi.nlm.nih.gov/pubchem/compound/CID13383,2.96
735,http://rdf.ncbi.nlm.nih.gov/pubchem/compound/CID13388,2.57
736,http://rdf.ncbi.nlm.nih.gov/pubchem/compound/CID13397,3.25
737,http://rdf.ncbi.nlm.nih.gov/pubchem/compound/CID13404,4.04
738,http://rdf.ncbi.nlm.nih.gov/pubchem/compound/CID70133,3.19
739,http://rdf.ncbi.nlm.nih.gov/pubchem/compound/CID13408,3.84
740,http://rdf.ncbi.nlm.nih.gov/pubchem/compound/CID13414,3.68
741,http://rdf.ncbi.nlm.nih.gov/pubchem/compound/CID13416,3.48
742,http://rdf.ncbi.nlm.nih.gov/pubchem/compound/CID13428,4.78
743,http://rdf.ncbi.nlm.nih.gov/pubchem/compound/CID13432,4.04
744,http://rdf.ncbi.nlm.nih.gov/pubchem/compound/CID79122,3.25
745,http://rdf.ncbi.nlm.nih.gov/pubchem/compound/CID13550,3.53
746,http://rdf.ncbi.nlm.nih.gov/pubchem/compound/CID13569,2.241
747,http://rdf.ncbi.nlm.nih.gov/pubchem/compound/CID70234,1.705
748,http://rdf.ncbi.nlm.nih.gov/pubchem/compound/CID641248,2.246
749,http://rdf.ncbi.nlm.nih.gov/pubchem/compound/CID5318042,2.528
750,http://rdf.ncbi.nlm.nih.gov/pubchem/compound/CID5281167,2.191
751,http://rdf.ncbi.nlm.nih.gov/pubchem/compound/CID13588,3.64
752,http://rdf.ncbi.nlm.nih.gov/pubchem/compound/CID61240,2.31
753,http://rdf.ncbi.nlm.nih.gov/pubchem/compound/CID13636,5.22
754,http://rdf.ncbi.nlm.nih.gov/pubchem/compound/CID13651,3.66
755,http://rdf.ncbi.nlm.nih.gov/pubchem/compound/CID13835,3.68
756,http://rdf.ncbi.nlm.nih.gov/pubchem/compound/CID61249,3.65
757,http://rdf.ncbi.nlm.nih.gov/pubchem/compound/CID66083,1.976
758,http://rdf.ncbi.nlm.nih.gov/pubchem/compound/CID13854,2.52
759,http://rdf.ncbi.nlm.nih.gov/pubchem/compound/CID13879,2.79
760,http://rdf.ncbi.nlm.nih.gov/pubchem/compound/CID13887,3.27
761,http://rdf.ncbi.nlm.nih.gov/pubchem/compound/CID66093,3.56
762,http://rdf.ncbi.nlm.nih.gov/pubchem/compound/CID14039,1.62
763,http://rdf.ncbi.nlm.nih.gov/pubchem/compound/CID14041,1.796
764,http://rdf.ncbi.nlm.nih.gov/pubchem/compound/CID66117,1.626
765,http://rdf.ncbi.nlm.nih.gov/pubchem/compound/CID14079,2.09
766,http://rdf.ncbi.nlm.nih.gov/pubchem/compound/CID14116,5.01
767,http://rdf.ncbi.nlm.nih.gov/pubchem/compound/CID14122,2.57
768,http://rdf.ncbi.nlm.nih.gov/pubchem/compound/CID14242,1.832
769,http://rdf.ncbi.nlm.nih.gov/pubchem/compound/CID14244,2.714
770,http://rdf.ncbi.nlm.nih.gov/pubchem/compound/CID79141,3.764
771,http://rdf.ncbi.nlm.nih.gov/pubchem/compound/CID14254,3.99
772,http://rdf.ncbi.nlm.nih.gov/pubchem/compound/CID14273,2.86
773,http://rdf.ncbi.nlm.nih.gov/pubchem/compound/CID14282,2.13
774,http://rdf.ncbi.nlm.nih.gov/pubchem/compound/CID70741,3.587
775,http://rdf.ncbi.nlm.nih.gov/pubchem/compound/CID14295,2.6
776,http://rdf.ncbi.nlm.nih.gov/pubchem/compound/CID70754,3.69
777,http://rdf.ncbi.nlm.nih.gov/pubchem/compound/CID14307,3.42
778,http://rdf.ncbi.nlm.nih.gov/pubchem/compound/CID70791,2.95
779,http://rdf.ncbi.nlm.nih.gov/pubchem/compound/CID70825,4.64
780,http://rdf.ncbi.nlm.nih.gov/pubchem/compound/CID70837,3.88
781,http://rdf.ncbi.nlm.nih.gov/pubchem/compound/CID14470,1.474
782,http://rdf.ncbi.nlm.nih.gov/pubchem/compound/CID14505,1.96
783,http://rdf.ncbi.nlm.nih.gov/pubchem/compound/CID14514,2.17
784,http://rdf.ncbi.nlm.nih.gov/pubchem/compound/CID70949,3.277
785,http://rdf.ncbi.nlm.nih.gov/pubchem/compound/CID70982,3.37
786,http://rdf.ncbi.nlm.nih.gov/pubchem/compound/CID15018,4.96
787,http://rdf.ncbi.nlm.nih.gov/pubchem/compound/CID15068,3.31
788,http://rdf.ncbi.nlm.nih.gov/pubchem/compound/CID15120,4.654
789,http://rdf.ncbi.nlm.nih.gov/pubchem/compound/CID6432115,4.022
790,http://rdf.ncbi.nlm.nih.gov/pubchem/compound/CID15143,5.24
791,http://rdf.ncbi.nlm.nih.gov/pubchem/compound/CID92892,3.88
792,http://rdf.ncbi.nlm.nih.gov/pubchem/compound/CID15290,2.996
793,http://rdf.ncbi.nlm.nih.gov/pubchem/compound/CID14855,3.7
794,http://rdf.ncbi.nlm.nih.gov/pubchem/compound/CID15294,3.3
795,http://rdf.ncbi.nlm.nih.gov/pubchem/compound/CID5364919,1.895
796,http://rdf.ncbi.nlm.nih.gov/pubchem/compound/CID5282708,2.778
797,http://rdf.ncbi.nlm.nih.gov/pubchem/compound/CID15313,3.67
798,http://rdf.ncbi.nlm.nih.gov/pubchem/compound/CID74128,3.39
799,http://rdf.ncbi.nlm.nih.gov/pubchem/compound/CID15394,4.52
800,http://rdf.ncbi.nlm.nih.gov/pubchem/compound/CID15395,4.66
801,http://rdf.ncbi.nlm.nih.gov/pubchem/compound/CID15422,4.02
802,http://rdf.ncbi.nlm.nih.gov/pubchem/compound/CID15448,4.58
803,http://rdf.ncbi.nlm.nih.gov/pubchem/compound/CID15458,3.27
804,http://rdf.ncbi.nlm.nih.gov/pubchem/compound/CID5363229,3.74
805,http://rdf.ncbi.nlm.nih.gov/pubchem/compound/CID74282,4.56
806,http://rdf.ncbi.nlm.nih.gov/pubchem/compound/CID137151,4.32
807,http://rdf.ncbi.nlm.nih.gov/pubchem/compound/CID5354198,4.66
808,http://rdf.ncbi.nlm.nih.gov/pubchem/compound/CID15531,4.16
809,http://rdf.ncbi.nlm.nih.gov/pubchem/compound/CID15606,4.04
810,http://rdf.ncbi.nlm.nih.gov/pubchem/compound/CID15607,4.425
811,http://rdf.ncbi.nlm.nih.gov/pubchem/compound/CID15611,3.296
812,http://rdf.ncbi.nlm.nih.gov/pubchem/compound/CID15624,3.33
813,http://rdf.ncbi.nlm.nih.gov/pubchem/compound/CID72863,4.107
814,http://rdf.ncbi.nlm.nih.gov/pubchem/compound/CID15731,3.88
815,http://rdf.ncbi.nlm.nih.gov/pubchem/compound/CID15752,4.24
816,http://rdf.ncbi.nlm.nih.gov/pubchem/compound/CID74572,3.42
817,http://rdf.ncbi.nlm.nih.gov/pubchem/compound/CID74610,4.72
818,http://rdf.ncbi.nlm.nih.gov/pubchem/compound/CID5282714,3.209
819,http://rdf.ncbi.nlm.nih.gov/pubchem/compound/CID15884,4.16
820,http://rdf.ncbi.nlm.nih.gov/pubchem/compound/CID72913,2.5
821,http://rdf.ncbi.nlm.nih.gov/pubchem/compound/CID74828,2.727
822,http://rdf.ncbi.nlm.nih.gov/pubchem/compound/CID8916,5.056
823,http://rdf.ncbi.nlm.nih.gov/pubchem/compound/CID16253,4.43
824,http://rdf.ncbi.nlm.nih.gov/pubchem/compound/CID16271,3.74
825,http://rdf.ncbi.nlm.nih.gov/pubchem/compound/CID16296,4.37
826,http://rdf.ncbi.nlm.nih.gov/pubchem/compound/CID16300,3.407
827,http://rdf.ncbi.nlm.nih.gov/pubchem/compound/CID16320,3.85
828,http://rdf.ncbi.nlm.nih.gov/pubchem/compound/CID16324,2.365
829,http://rdf.ncbi.nlm.nih.gov/pubchem/compound/CID74924,2.416
830,http://rdf.ncbi.nlm.nih.gov/pubchem/compound/CID16458,3.63
831,http://rdf.ncbi.nlm.nih.gov/pubchem/compound/CID16496,4.06
832,http://rdf.ncbi.nlm.nih.gov/pubchem/compound/CID16584,4.71
833,http://rdf.ncbi.nlm.nih.gov/pubchem/compound/CID75118,4.42
834,http://rdf.ncbi.nlm.nih.gov/pubchem/compound/CID16638,2.35
835,http://rdf.ncbi.nlm.nih.gov/pubchem/compound/CID16668,3.8
836,http://rdf.ncbi.nlm.nih.gov/pubchem/compound/CID91516,4.67
837,http://rdf.ncbi.nlm.nih.gov/pubchem/compound/CID683563,3.09
838,http://rdf.ncbi.nlm.nih.gov/pubchem/compound/CID16693,3.62
839,http://rdf.ncbi.nlm.nih.gov/pubchem/compound/CID16702,2.53
840,http://rdf.ncbi.nlm.nih.gov/pubchem/compound/CID16715,3.625
841,http://rdf.ncbi.nlm.nih.gov/pubchem/compound/CID16741,5.538
842,http://rdf.ncbi.nlm.nih.gov/pubchem/compound/CID16846,3.42
843,http://rdf.ncbi.nlm.nih.gov/pubchem/compound/CID75342,3.34
844,http://rdf.ncbi.nlm.nih.gov/pubchem/compound/CID16925,3.25
845,http://rdf.ncbi.nlm.nih.gov/pubchem/compound/CID16928,2.82
846,http://rdf.ncbi.nlm.nih.gov/pubchem/compound/CID61319,2.121
847,http://rdf.ncbi.nlm.nih.gov/pubchem/compound/CID17004,4.3
848,http://rdf.ncbi.nlm.nih.gov/pubchem/compound/CID17016,3.28
849,http://rdf.ncbi.nlm.nih.gov/pubchem/compound/CID75512,5.113
850,http://rdf.ncbi.nlm.nih.gov/pubchem/compound/CID17092,4.903
851,http://rdf.ncbi.nlm.nih.gov/pubchem/compound/CID17094,4.06
852,http://rdf.ncbi.nlm.nih.gov/pubchem/compound/CID75556,2.64
853,http://rdf.ncbi.nlm.nih.gov/pubchem/compound/CID17236,3.65
854,http://rdf.ncbi.nlm.nih.gov/pubchem/compound/CID17259,3.74
855,http://rdf.ncbi.nlm.nih.gov/pubchem/compound/CID17412,4.73
856,http://rdf.ncbi.nlm.nih.gov/pubchem/compound/CID75815,5.538
857,http://rdf.ncbi.nlm.nih.gov/pubchem/compound/CID17584,5.6
858,http://rdf.ncbi.nlm.nih.gov/pubchem/compound/CID17587,1.764
859,http://rdf.ncbi.nlm.nih.gov/pubchem/compound/CID75893,4.26
860,http://rdf.ncbi.nlm.nih.gov/pubchem/compound/CID75919,2.26
861,http://rdf.ncbi.nlm.nih.gov/pubchem/compound/CID76079,2.09
862,http://rdf.ncbi.nlm.nih.gov/pubchem/compound/CID76081,4.31
863,http://rdf.ncbi.nlm.nih.gov/pubchem/compound/CID17947,3.81
864,http://rdf.ncbi.nlm.nih.gov/pubchem/compound/CID18049,1.04
865,http://rdf.ncbi.nlm.nih.gov/pubchem/compound/CID76335,2.626
866,http://rdf.ncbi.nlm.nih.gov/pubchem/compound/CID18170,4.05
867,http://rdf.ncbi.nlm.nih.gov/pubchem/compound/CID18177,3.973
868,http://rdf.ncbi.nlm.nih.gov/pubchem/compound/CID76451,3.08
869,http://rdf.ncbi.nlm.nih.gov/pubchem/compound/CID18298,3.76
870,http://rdf.ncbi.nlm.nih.gov/pubchem/compound/CID76583,3.506
871,http://rdf.ncbi.nlm.nih.gov/pubchem/compound/CID18554,2.48
872,http://rdf.ncbi.nlm.nih.gov/pubchem/compound/CID18555,4.07
873,http://rdf.ncbi.nlm.nih.gov/pubchem/compound/CID76689,4.12
874,http://rdf.ncbi.nlm.nih.gov/pubchem/compound/CID228604,2.125
875,http://rdf.ncbi.nlm.nih.gov/pubchem/compound/CID18617,5.398
876,http://rdf.ncbi.nlm.nih.gov/pubchem/compound/CID76751,2.96
877,http://rdf.ncbi.nlm.nih.gov/pubchem/compound/CID3505109,4.17
878,http://rdf.ncbi.nlm.nih.gov/pubchem/compound/CID76889,3.12
879,http://rdf.ncbi.nlm.nih.gov/pubchem/compound/CID76934,4.027
880,http://rdf.ncbi.nlm.nih.gov/pubchem/compound/CID18998,4.76
881,http://rdf.ncbi.nlm.nih.gov/pubchem/compound/CID77286,5.72
882,http://rdf.ncbi.nlm.nih.gov/pubchem/compound/CID5283345,4.85
883,http://rdf.ncbi.nlm.nih.gov/pubchem/compound/CID19878,3.2
884,http://rdf.ncbi.nlm.nih.gov/pubchem/compound/CID19958,6.347
885,http://rdf.ncbi.nlm.nih.gov/pubchem/compound/CID20026,3.269
886,http://rdf.ncbi.nlm.nih.gov/pubchem/compound/CID6999872,2.648
887,http://rdf.ncbi.nlm.nih.gov/pubchem/compound/CID77889,2.25
888,http://rdf.ncbi.nlm.nih.gov/pubchem/compound/CID20210,3.031
889,http://rdf.ncbi.nlm.nih.gov/pubchem/compound/CID77921,2.38
890,http://rdf.ncbi.nlm.nih.gov/pubchem/compound/CID20263,3.62
891,http://rdf.ncbi.nlm.nih.gov/pubchem/compound/CID77970,3.007
892,http://rdf.ncbi.nlm.nih.gov/pubchem/compound/CID61346,4.92
893,http://rdf.ncbi.nlm.nih.gov/pubchem/compound/CID5283321,3.862
894,http://rdf.ncbi.nlm.nih.gov/pubchem/compound/CID74667,3.16
895,http://rdf.ncbi.nlm.nih.gov/pubchem/compound/CID78089,2.01
896,http://rdf.ncbi.nlm.nih.gov/pubchem/compound/CID78120,4.75
897,http://rdf.ncbi.nlm.nih.gov/pubchem/compound/CID62539,2.99
898,http://rdf.ncbi.nlm.nih.gov/pubchem/compound/CID20525,2.9
899,http://rdf.ncbi.nlm.nih.gov/pubchem/compound/CID20534,3.44
900,http://rdf.ncbi.nlm.nih.gov/pubchem/compound/CID138277,2.42
901,http://rdf.ncbi.nlm.nih.gov/pubchem/compound/CID95298,2.98
902,http://rdf.ncbi.nlm.nih.gov/pubchem/compound/CID20827,1.79
903,http://rdf.ncbi.nlm.nih.gov/pubchem/compound/CID20861,3.291
904,http://rdf.ncbi.nlm.nih.gov/pubchem/compound/CID20908,3.13
905,http://rdf.ncbi.nlm.nih.gov/pubchem/compound/CID20928,2.189
906,http://rdf.ncbi.nlm.nih.gov/pubchem/compound/CID20984,2.336
907,http://rdf.ncbi.nlm.nih.gov/pubchem/compound/CID20995,4.2
908,http://rdf.ncbi.nlm.nih.gov/pubchem/compound/CID21013,5.72
909,http://rdf.ncbi.nlm.nih.gov/pubchem/compound/CID78630,2.97
910,http://rdf.ncbi.nlm.nih.gov/pubchem/compound/CID21026,3.61
911,http://rdf.ncbi.nlm.nih.gov/pubchem/compound/CID107377,5.51
912,http://rdf.ncbi.nlm.nih.gov/pubchem/compound/CID21364,3.43
913,http://rdf.ncbi.nlm.nih.gov/pubchem/compound/CID21407,1.502
914,http://rdf.ncbi.nlm.nih.gov/pubchem/compound/CID1672,1.228
915,http://rdf.ncbi.nlm.nih.gov/pubchem/compound/CID21484,4.15
916,http://rdf.ncbi.nlm.nih.gov/pubchem/compound/CID79346,1.58
917,http://rdf.ncbi.nlm.nih.gov/pubchem/compound/CID79408,4.42
918,http://rdf.ncbi.nlm.nih.gov/pubchem/compound/CID21648,2.5
919,http://rdf.ncbi.nlm.nih.gov/pubchem/compound/CID79664,4.28
920,http://rdf.ncbi.nlm.nih.gov/pubchem/compound/CID21810,2.53
921,http://rdf.ncbi.nlm.nih.gov/pubchem/compound/CID93009,3.68
922,http://rdf.ncbi.nlm.nih.gov/pubchem/compound/CID21872,2.943
923,http://rdf.ncbi.nlm.nih.gov/pubchem/compound/CID21885,2.45
924,http://rdf.ncbi.nlm.nih.gov/pubchem/compound/CID22043,4.33
925,http://rdf.ncbi.nlm.nih.gov/pubchem/compound/CID5281163,2.504
926,http://rdf.ncbi.nlm.nih.gov/pubchem/compound/CID101118,3.004
927,http://rdf.ncbi.nlm.nih.gov/pubchem/compound/CID22201,2.13
928,http://rdf.ncbi.nlm.nih.gov/pubchem/compound/CID80019,3.44
929,http://rdf.ncbi.nlm.nih.gov/pubchem/compound/CID22386,1.84
930,http://rdf.ncbi.nlm.nih.gov/pubchem/compound/CID643790,0.851
931,http://rdf.ncbi.nlm.nih.gov/pubchem/compound/CID20024,1.528
932,http://rdf.ncbi.nlm.nih.gov/pubchem/compound/CID22556,4.67
933,http://rdf.ncbi.nlm.nih.gov/pubchem/compound/CID92224,3.52
934,http://rdf.ncbi.nlm.nih.gov/pubchem/compound/CID22691,3.6
935,http://rdf.ncbi.nlm.nih.gov/pubchem/compound/CID4679699,4.2
936,http://rdf.ncbi.nlm.nih.gov/pubchem/compound/CID81009,4.48
937,http://rdf.ncbi.nlm.nih.gov/pubchem/compound/CID23053,3.46
938,http://rdf.ncbi.nlm.nih.gov/pubchem/compound/CID23070,3.15
939,http://rdf.ncbi.nlm.nih.gov/pubchem/compound/CID81129,3.477
940,http://rdf.ncbi.nlm.nih.gov/pubchem/compound/CID81136,2.99
941,http://rdf.ncbi.nlm.nih.gov/pubchem/compound/CID81149,4.66
942,http://rdf.ncbi.nlm.nih.gov/pubchem/compound/CID23235,4.94
943,http://rdf.ncbi.nlm.nih.gov/pubchem/compound/CID94335,1.733
944,http://rdf.ncbi.nlm.nih.gov/pubchem/compound/CID81589,3.37
945,http://rdf.ncbi.nlm.nih.gov/pubchem/compound/CID23686,3.02
946,http://rdf.ncbi.nlm.nih.gov/pubchem/compound/CID5366039,2.84
947,http://rdf.ncbi.nlm.nih.gov/pubchem/compound/CID81742,5.328
948,http://rdf.ncbi.nlm.nih.gov/pubchem/compound/CID5364532,3.77
949,http://rdf.ncbi.nlm.nih.gov/pubchem/compound/CID93050,2.735
950,http://rdf.ncbi.nlm.nih.gov/pubchem/compound/CID81923,2.618
951,http://rdf.ncbi.nlm.nih.gov/pubchem/compound/CID24020,2.111
952,http://rdf.ncbi.nlm.nih.gov/pubchem/compound/CID24834,3.073
953,http://rdf.ncbi.nlm.nih.gov/pubchem/compound/CID61448,2.88
954,http://rdf.ncbi.nlm.nih.gov/pubchem/compound/CID61451,4.38
955,http://rdf.ncbi.nlm.nih.gov/pubchem/compound/CID61523,3.42
956,http://rdf.ncbi.nlm.nih.gov/pubchem/compound/CID96359,3.89
957,http://rdf.ncbi.nlm.nih.gov/pubchem/compound/CID83572,4.268
958,http://rdf.ncbi.nlm.nih.gov/pubchem/compound/CID26132,4.34
959,http://rdf.ncbi.nlm.nih.gov/pubchem/compound/CID638122,2.723
960,http://rdf.ncbi.nlm.nih.gov/pubchem/compound/CID84182,3.635
961,http://rdf.ncbi.nlm.nih.gov/pubchem/compound/CID26548,2.62
962,http://rdf.ncbi.nlm.nih.gov/pubchem/compound/CID84352,3.22
963,http://rdf.ncbi.nlm.nih.gov/pubchem/compound/CID637511,3.68
964,http://rdf.ncbi.nlm.nih.gov/pubchem/compound/CID84519,3.82
965,http://rdf.ncbi.nlm.nih.gov/pubchem/compound/CID26731,2.91
966,http://rdf.ncbi.nlm.nih.gov/pubchem/compound/CID84694,3.017
967,http://rdf.ncbi.nlm.nih.gov/pubchem/compound/CID26975,4.58
968,http://rdf.ncbi.nlm.nih.gov/pubchem/compound/CID27057,3.87
969,http://rdf.ncbi.nlm.nih.gov/pubchem/compound/CID85346,5.43
970,http://rdf.ncbi.nlm.nih.gov/pubchem/compound/CID79019,2.415
971,http://rdf.ncbi.nlm.nih.gov/pubchem/compound/CID5324707,2.047
972,http://rdf.ncbi.nlm.nih.gov/pubchem/compound/CID85505,4.19
973,http://rdf.ncbi.nlm.nih.gov/pubchem/compound/CID87250,4.37
974,http://rdf.ncbi.nlm.nih.gov/pubchem/compound/CID5354359,2.218
975,http://rdf.ncbi.nlm.nih.gov/pubchem/compound/CID87601,2.52
976,http://rdf.ncbi.nlm.nih.gov/pubchem/compound/CID5318599,3.365
977,http://rdf.ncbi.nlm.nih.gov/pubchem/compound/CID29228,4.43
978,http://rdf.ncbi.nlm.nih.gov/pubchem/compound/CID5283316,4.05
979,http://rdf.ncbi.nlm.nih.gov/pubchem/compound/CID5283335,4.6
980,http://rdf.ncbi.nlm.nih.gov/pubchem/compound/CID29353,4.36
981,http://rdf.ncbi.nlm.nih.gov/pubchem/compound/CID29354,4.64
982,http://rdf.ncbi.nlm.nih.gov/pubchem/compound/CID88068,2.95
983,http://rdf.ncbi.nlm.nih.gov/pubchem/compound/CID29740,1.812
984,http://rdf.ncbi.nlm.nih.gov/pubchem/compound/CID89223,1.596
985,http://rdf.ncbi.nlm.nih.gov/pubchem/compound/CID88365,4.55
986,http://rdf.ncbi.nlm.nih.gov/pubchem/compound/CID5354763,2.519
987,http://rdf.ncbi.nlm.nih.gov/pubchem/compound/CID88561,2.591
988,http://rdf.ncbi.nlm.nih.gov/pubchem/compound/CID30215,1.99
989,http://rdf.ncbi.nlm.nih.gov/pubchem/compound/CID89164,2.52
990,http://rdf.ncbi.nlm.nih.gov/pubchem/compound/CID179386,2.91
991,http://rdf.ncbi.nlm.nih.gov/pubchem/compound/CID32484,3.76
992,http://rdf.ncbi.nlm.nih.gov/pubchem/compound/CID440030,1.47
993,http://rdf.ncbi.nlm.nih.gov/pubchem/compound/CID97433,3.92
994,http://rdf.ncbi.nlm.nih.gov/pubchem/compound/CID120009,5.42
995,http://rdf.ncbi.nlm.nih.gov/pubchem/compound/CID24216,4.31
996,http://rdf.ncbi.nlm.nih.gov/pubchem/compound/CID5364941,3.752
997,http://rdf.ncbi.nlm.nih.gov/pubchem/compound/CID5318017,3.045
998,http://rdf.ncbi.nlm.nih.gov/pubchem/compound/CID123458,2.167
999,http://rdf.ncbi.nlm.nih.gov/pubchem/compound/CID1549521,3.37
1000,http://rdf.ncbi.nlm.nih.gov/pubchem/compound/CID38360,4.38
1001,http://rdf.ncbi.nlm.nih.gov/pubchem/compound/CID39135,3.82
1002,http://rdf.ncbi.nlm.nih.gov/pubchem/compound/CID39211,3.33
1003,http://rdf.ncbi.nlm.nih.gov/pubchem/compound/CID142891,4.53
1004,http://rdf.ncbi.nlm.nih.gov/pubchem/compound/CID116529,3.69
1005,http://rdf.ncbi.nlm.nih.gov/pubchem/compound/CID5702654,4.208
